{"source": "DeepseekV2MoE block (simple routing) f64 reference", "hidden": 16, "moe_intermediate_size": 16, "n_routed_experts": 4, "num_experts_per_tok": 2, "n_shared_experts": 1, "probe": [0.5363294166343954, 0.00510403747758606, 1.2632698868379024, 0.48250382336112035, -1.8676278113439597, 0.07231867017167715, -0.7334922992917858, 0.1900046737383453, 0.4770148687901621, -1.775891139937266, 1.113815281137501, 1.4355527270224324, -1.6189960571257804, 0.09809710182155439, 2.294736471492101, -0.3778517414509383], "mlp_output": [0.0001952754877965676, -0.00018858628809875338, 0.00025231998549335, 4.407265761071318e-05, -2.262388385951546e-06, -0.0003477356470779584, 0.00040079687765796353, 0.0007849580921079247, 7.873414801976594e-05, -5.633671824593067e-05, 0.0004801339903325965, 0.0001769381625230105, 0.00036494582707352467, 0.00016256370705001409, 0.0006530047488871517, -9.382764548579648e-05]}