{"source": "DeepseekV2ForCausalLM (MLA) f64 reference", "seq": 5, "vocab_size": 32, "hidden": 16, "input_ids": [9, 5, 20, 13, 17], "hf_logits": [0.03427335669548709, -0.19198857186593987, -0.053691124132873136, -0.08945724391054413, -0.06612946919155577, -0.04288282085788187, -0.04145808815081216, 0.033252542057823395, -0.03953528717746369, -0.1082325283791748, -0.03605463793629542, -0.03476104263131077, 0.08502389848749277, 0.028621214519814822, -0.051072506231605794, -0.09775481805322246, 0.017281028591335186, 0.006117325385009836, 0.014132684587609912, 0.06578005795792966, -0.017783812146489844, -0.10471945926174035, 0.0017712972922610919, -0.003693012375258462, -0.026488861082358272, 0.03699325692641113, -0.005616703550182012, -0.07377716897137651, 0.1823348203666535, -0.0453997044701023, 0.1086435088217006, -0.09865505412163891, 0.03718122834456977, -0.1893452294031192, -0.10785711961323512, -0.004713711753835191, -0.04528887156425353, -0.0017678608520182576, -0.006728059853582852, -0.0547110484191317, -0.07166459830689573, 0.051463047683289104, -0.029160053382245026, -0.021642335094042148, 0.05428572290575637, -0.08500604755232657, -0.007060091525351468, -0.0052778295186492255, 0.10575795949433815, -0.16415662079724164, -0.050360812668650834, 0.026620615599412475, 0.03753254448781754, -0.0572646756123803, 0.058778792512622594, -0.00814684892851297, -0.10577069043254292, -0.013545773219417814, -0.09299830173360757, -0.04203127527090447, 0.021218740295076012, -0.11377195350189832, 0.02980965872054643, 0.06748388522691204, -0.1270049072270089, -0.09767291772619946, -0.12237499018748775, -0.06849627471433002, 0.10526475168489294, -0.02840394183596001, 0.05123293293888974, 0.0004233098862739121, -0.006811785398262796, -0.14975904927168865, -0.07314152472783085, -0.06161927132248218, 0.05419401516182004, 0.1279599384622648, -0.040277339215402094, -0.027136724841087242, 0.07898345698510684, 0.07109730063952668, 0.06680940038663391, 0.00896820128976223, -0.02172703851261932, 0.04057640367769286, -0.12114663853658555, -0.06932353939276276, -0.005389719634897545, 0.013089112358633984, -0.10496830932515044, -0.029918275083337983, 0.005934544042083906, -0.07860865365258801, 0.10949994074149948, 0.16230761241654668, -0.009433840709882443, -0.04413276670387703, 0.01099643756002007, 0.11029104742527392, 0.026205799936434723, 0.12127472089373717, 0.08064237664550811, -0.04275272414057446, -0.0042754085825279665, 0.0069359535661168495, -0.07493465957700761, 0.0178656446130266, -0.01690217472473253, 0.007186221916616456, 0.01575371807628581, 0.12562537842055438, 0.10188957004800728, -0.0943321883729977, 0.03310990108508857, -0.04506199284600239, 0.006501253210471902, 0.1161842725592209, -0.008063737278416902, 0.0637690632079651, 0.01982282214703114, -0.05429843318419994, 0.05410724445649584, 0.016547342026510786, -0.14315212890782408, 0.0342584728566829, -0.022375450937635114, 0.172023871974829, -0.0072720101523917335, 0.10655471446083153, 0.03802712782677356, 0.06544795900643507, -0.07913868839284843, -0.0853183249114858, -0.01631149499895119, -0.07705666706715998, 0.1047260059330995, 0.056752373815937986, 0.047400417356417104, 0.0019235162995496213, 0.059684889908400866, -0.13323579217485684, 0.1994516486676372, -0.09113733202515743, 0.04505385844973622, -0.09216745784331629, 0.008969958967040116, -0.00034179832628106546, 0.039049646319243896, 0.0838677856621575, 0.05773401889797123, -0.05903243159559028, -0.09271320565637595, 0.06424283586889279, -0.041757192115158916, 0.06953200168824397, -0.08060103377966797, -0.17226547693333857, -0.07165771039155443, 0.1387065467061403], "greedy_ids": [14, 9, 28, 29], "eos_token_id": 9, "attn0_in": [-0.4888087213039398, 0.45749562978744507, 0.8433730006217957, -0.017805250361561775, -1.4252078533172607, 1.2997419834136963, 0.03210855647921562, -1.8085448741912842, 0.35088789463043213, -0.39901357889175415, 1.7767454385757446, 0.33585742115974426, -0.30330929160118103, 1.8292769193649292, -0.2176804542541504, -0.6473652720451355, -2.150649070739746, -0.3956435024738312, -0.20868387818336487, 0.1807854175567627, -1.232389211654663, 1.314079761505127, -0.5487938523292542, -0.7921932339668274, -0.2819398045539856, 1.43679940700531, -0.7623152732849121, -0.5878015160560608, -1.468890905380249, 0.3889218270778656, 0.9214588403701782, -0.546315610408783, -0.70688796043396, 0.2558073401451111, -0.6840670704841614, 1.4296635389328003, -0.8184504508972168, 1.0487216711044312, -1.472442865371704, -1.0219017267227173, 0.8896203637123108, 0.6457774639129639, 0.23961812257766724, -0.6996378898620605, -0.8621954321861267, 0.6048173904418945, -0.7443017959594727, 2.059326171875, -2.103839635848999, -0.0743497759103775, -0.27176621556282043, 0.4987491965293884, 1.5707216262817383, -0.004329230170696974, 0.014443626627326012, 0.008290430530905724, 0.44510701298713684, 0.13374361395835876, -1.1860283613204956, 0.9504508376121521, 0.33726221323013306, -2.01265549659729, 0.9888561367988586, 0.9210466146469116, -0.7296819090843201, -0.4299575984477997, -0.9980087280273438, -1.4850354194641113, -0.04389169067144394, -0.5592309832572937, -0.7969045639038086, 0.4600878357887268, 1.1455856561660767, -1.1309808492660522, -1.5303423404693604, -2.258202314376831, 0.19003064930438995, 0.5557461977005005, 0.3924950659275055, -0.23259973526000977], "attn0_out": [0.0006184569523630039, -0.007666730188346698, -0.0018841210140167692, -0.004238630987755432, 0.0030780805771891094, 0.0002946311484631922, 0.0008793315197400243, 0.00619397865092124, -0.0032476575599538465, 0.0012961671526488397, 0.006163701222337786, -0.0006604171816687917, 0.0076615949507183945, 0.005034589490632152, -0.0033352069742190625, 6.279479776010294e-05, 0.00024626736230006586, -0.009055230892765338, -0.0023454475256523112, -0.006796921092061378, 0.002798022328232867, 0.0008513439842344235, 0.005484546084841685, 0.0050969611158483445, -0.002182964046919061, -0.0017075388852908796, 0.004672798127133157, -0.0002888636574123683, 0.006923531514207065, 0.005000143816687124, -0.005104952610553888, 0.004427969386156882, 0.001624117872292844, -0.00469828232268224, -0.0010520185665900607, -0.0038040845689429354, 0.003270133853766382, -9.664698977620527e-05, 0.0024063283774690427, 0.0010330950595648354, -0.0019545364677021034, 0.0011294627552708631, 0.006525704249432054, 0.0002951239080862466, 0.003813277826436183, 0.002447772865760891, -0.0019994529029318383, 0.0022551953758393, 0.0018091856375605324, -0.0024991893962326176, -0.0010666081604034587, -0.0030036693172776517, 0.0032719717543916067, 7.670979822848101e-05, 0.00270585853204727, -0.0007064326511159265, -0.0008381231145098235, 0.0009859010170455347, 0.005179566546087896, 0.0016909166675779363, 0.002014975513268014, 0.0012128967906364417, -0.0013933612170496852, 0.0027564310201890372, -7.1774329410632e-05, -0.004249186106004828, -0.0009428566900848406, -0.00360477359025985, 0.0004648173239869594, 0.0008672170940661834, 0.0051343475531428215, 0.0007238324518393389, -0.0010149018904944867, -0.0010614831066462092, 0.0032419587869415276, -0.0009612724625834937, 0.0016879821059461232, 0.0017055004962905794, -0.002095349401666841, 0.00443928695869128]}