{"seq": 5, "vocab_size": 32, "input_ids": [23, 29, 10, 16, 19], "hf_logits": [-0.06521275931241638, 0.202379744919765, -0.07700509603902432, -0.03852859528171659, 0.3527301282773891, -0.2548639231068486, 0.059430555401346924, -0.08773060603398103, -0.11157711424743431, -0.13952523281917886, 0.042857502180741455, 0.06878406214804375, -0.08061894972629631, 0.3361579916584817, -0.27814232430915337, -0.09764396662510152, 9.007206232634901e-05, -0.22786240357170612, -0.08721035457630552, -0.03531177595630001, -0.2500660158705133, 0.00658162990638711, -0.05790872460497337, 0.023138414771335443, 0.21900847613633848, 0.10725035865647747, 0.030324339958414173, -0.07985986040689266, 0.3563653844188974, 0.219539315831842, 0.08920651108898406, 0.18202838319210285, -0.023674327438945902, 0.022116023761315752, -0.06467302078052395, -0.04888653340085545, -0.025564613340000764, -0.3722709975303305, -0.004784715932543971, -0.2236560325636266, -0.07383276732902466, -0.23409932674065376, 0.019711429000492345, -0.001359377672343641, 0.09393863036596578, 0.26503352997751856, -0.14338077588762882, 0.17599285910869672, 0.028749492417685832, -0.33464206050119705, -0.08182053588520583, 0.13979172069641804, 0.10657143645290124, 0.3105251175941871, 0.037545686403357294, 0.2514507660922763, -0.031441890208400707, 0.186552579282469, 0.06798300533595604, -0.0791050905943469, 0.3329219175507923, -0.14824822078430672, 0.007572294847070449, 0.03264662769884261, 0.205555946654561, 0.10961754900160639, -0.21771494526567461, -0.3159917561794234, -0.04605019260330988, -0.2808128138011692, 0.009682552340338588, -0.15028749394624474, 0.03943345248191654, -0.07434412772361168, -0.040209570556791266, -0.08829009175687587, 0.2825110587092276, 0.009553259536900519, 0.11310395796320077, -0.027479454660160902, 0.02018142019618828, -0.1647319681611843, -0.26864092160006253, -0.05420242419862699, 0.3194826925012137, 0.2823042928312287, -0.06129832204679857, -0.17545081301802473, 0.02756198098996778, 0.20805214361264918, -0.004094603929378972, -0.071419071558213, 0.38298151975572736, 0.040253085244088035, -0.25350108978144714, 0.05496986369320171, 0.008386208473116413, 0.17285969991609607, -0.006940237363931123, -0.10637598563523765, -0.1748853617557067, 0.07671509731481602, 0.047300416997198565, 0.07184621217269993, 0.004484711957916665, -0.04711446630516361, 0.09333043031159884, 0.20061566683526463, -0.3673160946017707, -0.14962440346812142, -0.2801084061267772, -0.1572162516153262, -0.05224920424959423, 0.022276571863691613, 0.03486316810888557, 0.1465866811521085, 0.3335646179603669, 0.24907697503317067, 0.05711404312224626, 0.1371892710344001, 0.12326115500971072, 0.09369645353877877, -0.05733432992176062, -0.03373022877918437, 0.18249336554471418, -0.03787639110043248, -0.031292539006315345, 0.01297971595583778, -0.0326629192449121, 0.14966815576245263, -0.08527679360033902, -0.17188901265058537, 0.21043659577724222, 0.08546034108230435, 0.005918198568638802, -0.11091520200718619, -0.003813520854898299, -0.47512049740792067, -0.07107095344378511, 0.055521370227611784, 0.09281623313286985, -0.21108507248012637, 0.16842435072090312, -0.013319663183337084, -0.042690277390550924, -0.044774913032812336, -0.24444763303512057, -0.066801226707045, 0.03399078223808881, -0.011915428896081055, -0.17563492103089287, -0.1556650086518561, -0.17476766496718207, 0.049509575838011244, -0.14582567571600577, -0.02541367798639199, 0.05517382762227391, -0.06211789560812264, -0.04017378997921178, 0.041560965775646476], "greedy_ids": [4, 28, 14, 9], "eos_token_id": 28}