{"source": "DeepseekV2ForCausalLM (MLA + YaRN + first_k_dense_replace=1) f64 reference", "seq": 5, "vocab_size": 32, "hidden": 16, "input_ids": [29, 21, 25, 16, 7], "hf_logits": [-0.09076119671114252, -0.04156818972070477, -0.0569884517307312, -0.037663895527216065, 0.033663023175491316, -0.042748712059709634, -0.0070667949671436164, 0.11356988459877593, 0.03965119263788365, -0.019806758014243142, 0.18408187303245271, -0.06947924342427414, 0.04875879366519789, -0.0646451259030707, -0.06817563731428956, 0.09201523446652105, 0.0289082696085841, 0.05191321209782296, -0.12020921610240848, -0.055890982134346213, 0.015717907135272616, 0.04286554788185717, 0.12830129439907567, -0.03350485698839789, 0.022585956143418545, -0.06114341571609245, 0.04568762562316836, 0.0011090887813562603, 0.05520817451271884, -0.029350088478067936, -0.1987807670287989, 0.04278419856449939, -0.08454548975693979, 0.1550632782129681, -0.03036335767616663, -0.003539825355167791, 0.04782437695971633, -0.0950643451174381, -0.005034901933102229, 0.1694654823603101, -0.04204539495025155, 0.08055082488721031, -0.007682844676271602, 0.16121160432133558, -0.023430689914296032, 0.06871697050119172, -0.07372543851591022, 0.09796693301560222, 0.10881261175277526, 0.0731038174335724, -0.09335319736789852, -0.049832421543832245, 0.048133573837211764, 0.04137466844698631, -0.018531334745238624, 0.016179189688478816, -0.11451628060624972, 0.18211002333560708, -0.0203513598130795, -0.030105918374048163, -0.1327052319791025, -0.07630254811648912, 0.11666398814962878, 0.1192521006819856, 0.022589367649243894, -0.08013579454921313, 0.002126619424742307, 0.10848971591402982, -0.00701783820343007, 0.0600917487638365, -0.10676509892279999, -0.11387154911202439, -0.1076766181383824, 0.003908307252534826, -0.1208608823715843, -0.1150328771915008, -0.02755440097264017, -0.0033889692924895173, 0.11024005579866042, 0.04726498136794463, -0.004407489940102788, 0.02315116874755072, 0.136870783021046, 0.03234860763670347, 0.10360614422118494, 0.16985161730314585, -0.08055886718975204, -0.1238461463285713, 0.013673136697436555, -0.042609125703909345, -0.0013321295110119424, -0.006897000003970033, -0.00650874950823821, -0.03524078391738396, 0.15207044084193888, -0.026551604022076708, -0.0490095443852797, 0.05976578694132943, 0.061337482274801174, 0.006776495778749933, -0.0733895346716345, -0.061647740763240394, -0.04255179976896509, -0.0077141755699520476, -0.0921290628173139, 0.05899553063952315, 0.050187242730889564, 0.04124917731467301, 0.025049228749927474, 0.0017677812161243922, -0.10788641937255324, -0.013831188049253415, -0.022682127510217684, 0.04172195430038541, -0.02695487356823871, 0.016270110803851427, 0.033319624691759586, -0.07501469306559329, 0.01158482733917792, 0.07242028787159127, -0.06254211833199624, 0.059219580711873845, -0.08873547306610761, 0.026284231359696493, -0.037679380517393044, 0.0054397226355706735, -0.02614731238428513, 0.04228104374265054, 0.03393682431898497, 0.0971236817510946, 0.07947903447144962, 0.042838523877880924, -0.05146805562326291, -0.017251317581109593, 0.017065858780164075, -0.03123920656229289, 0.049069728375499805, 0.08507264528367009, -0.12135575270927504, 0.08569025189873086, 0.10485829960530799, -0.039952833678672015, -0.005900125312531486, -0.09120346713504376, 0.07296891711844636, -0.005979541095781596, 0.037413590373247, 0.0045582999822427195, -0.005994797841273623, -0.021143409701498125, -0.0856523591757253, -0.02912941876973872, -0.05101904846327328, -0.0009161325338718981, -0.0967402802603174, -0.037055033472697216, -0.07966701997312346, 0.027992436766117818, 0.12161186736968792, 0.04561867849629832], "greedy_ids": [30, 23, 18, 24], "eos_token_id": 23}