{"source": "synthetic MixtralForCausalLM (tiny config; MHA, no GQA)", "transformers_note": "real HF Mixtral forward, f64 reference", "vocab_size": 48, "hidden_size": 32, "num_hidden_layers": 2, "num_attention_heads": 4, "num_key_value_heads": 4, "head_dim": 8, "intermediate_size": 64, "num_local_experts": 4, "num_experts_per_tok": 2, "rope_theta": 10000.0, "rms_norm_eps": 1e-05, "tie_word_embeddings": false, "seq": 5, "input_ids": [22, 25, 29, 38, 36], "hf_logits": [0.14646269373458692, -0.20898196182462314, -0.004445276181888003, -0.0712501149464412, 0.0818559752205002, 0.006787418405719559, -0.11633460806373208, -0.013634020623835355, -0.05348082863966773, -0.16143851993712766, 0.01745652351455573, 0.010893005920084103, 0.020423666595840176, -0.041540731162566145, 0.1941425063441976, -0.2668498539114902, 0.09483378225839634, 0.2294568078512723, 0.08971704430594443, 0.0767375325229913, 0.23235667340664107, -0.1419778377981027, 0.005837938139801269, -0.10667775277358255, -0.027167749769068633, -0.003594760945176592, 0.15557855021480693, 0.18479460450695062, 0.10019553977980859, -0.18662432017770086, -0.18111285773600172, 0.07567239149862387, 0.0061396259089430555, -0.07288978374254808, 0.22754951042373517, 0.06405718157392923, 0.2625732701827161, -0.13930934265458064, 0.050578878170871866, 0.021417826354513808, -0.20592128834103682, 0.18361078964604582, 0.04165096358348738, -0.014959310720432467, 0.12110308686083157, -0.14872448648831563, -0.04479359114862213, -0.15442429485313375, 0.005701790804277587, -0.0009666059416613554, 0.1896737626301355, -0.005853001945442311, -0.1265282208329559, -0.11642174011113096, -0.07912751721161197, -0.1403393970744029, -0.04834844824332909, -0.10320487328055161, -0.011743371463534158, -0.06421427980051835, 0.09776075241499409, -0.14278857783849117, 0.15804897115131292, -0.06987088413619756, 0.023046525033052927, 0.14188976981420148, 0.08540095872203664, -0.03903347416777955, -0.026588723061108183, -0.20653451044607812, 0.21090305581006766, -0.0586320760826346, -0.12229107249318913, -0.20480586958323269, 0.02011788826663561, -0.03736472949052659, 0.047254402425709136, -0.15397642292949207, -0.05339221952150894, -0.025664060093645316, 0.1537168874186498, -0.03609819454534964, 0.1429140137993813, 0.1071478767945151, 0.2460918544809137, -0.026343377120113004, 0.18537759295491374, 0.09022198487572991, -0.14848242421774718, 0.09993276480539791, -0.13965048353967743, 0.09639350570488371, -0.033581446396777626, 0.09452159311631064, -0.1391570880780521, -0.17287250658829337, -0.05216681337385304, -0.06836978529974283, 0.016970590940869695, -0.00920584154624213, 0.10669486567980432, 0.05788676343513828, -0.08276006631607621, -0.16997040379464498, -0.10792009449702014, 0.014906798181479913, 0.18651630972132868, -0.10713243596703825, -0.12161587250528913, 0.1625554582743655, -0.06391353835418868, -0.20423496012910564, 0.02701879369635675, 0.23636006518635405, 0.10734698302541665, 0.13288368165968956, 0.002200694293107267, 0.12384097817196671, -0.04555328370090948, 0.16359874124141097, 0.05050463765612395, -0.04274174709653597, 0.14534441770540654, 0.01644408147406068, 0.02156485166815253, 0.17681455609715035, 0.08321312708160448, 0.016932459680406395, -0.18675704207165705, 0.025915720791121935, 0.11841227954298897, -0.019496038579063832, 0.06954912592909393, -0.2098923677779533, 0.07887727286146028, -0.022865762538450754, 0.012794707777298776, 0.058244948137155486, 0.05307738432977307, 0.021108988248153535, -0.04395524102133327, -0.11050252007588265, -0.03969625130072692, -0.002811253764378312, 0.05932242573853361, 0.08296146607201821, 0.06465781415406109, -0.06781408138606826, 0.038547822661237935, 0.12523797341571327, 0.10512427566417178, 0.1736912432946302, -0.04018422597691368, 0.11750541392096697, -0.0647245321573843, -0.16529154801408408, -0.10245504772196953, -0.0978685115932528, -0.22653895021481196, -0.012881964708045986, 0.07862150968035658, 0.059061920949875196, 0.013605885388033707, 0.14157202439827402, 0.016069477944485225, -0.1618527953176513, 0.046902436497825606, -0.01547184865101335, -0.07592703742700979, -0.28991590604768697, 0.16978615573918088, 0.06777434336719013, 0.08497302122598915, -0.19188959628549643, 0.08122945260527774, 0.07289184902484912, -0.06825098176720373, 0.01976575056268233, 0.1941234548639729, 0.20253988040761461, -0.10486800089750861, -0.15907647479582226, -0.12880799373468027, 0.26082936548611657, -0.20857357552321956, -0.08341984121080462, -0.10224434264537186, 0.22769178024346792, 0.0034726889286337964, 0.25128505843455584, -0.03474808310728318, -0.16299267477222568, -0.061383144056114114, 0.11102194059808972, 0.1297552371533756, 0.190177722306888, -0.03247265905825328, 0.06026999032338437, -0.03964869314858378, 0.053784206055588354, 0.1317223454944963, 0.21267295413593632, -0.15500230578634233, 0.06393569752980598, -0.09348640243230691, -0.0962229624307393, -0.1279730613727188, 0.17170413681411908, 0.04075755938076685, 0.009435438259443457, 0.0038418390571042793, -0.0012124987658310646, -0.1398129884464837, 0.09617595560542982, 0.09221667050093998, -0.057199280104368255, -0.01885712813317242, 0.12232397556622496, 0.030088875992549224, 0.12607089600881644, -0.08084554810778034, -0.04589716674452404, 0.09422636991940105, 0.1274543458710833, 0.21834215579262567, 0.15396998307660745, -0.009582492341004098, -0.017635265474732896, -0.09297237743738715, -0.023531731652013332, -0.053919545083653764, 0.0924091051570791, 0.14613775802397821, -0.11168215021453659, -0.10765302772152865, 0.026543960325130317, -0.10310038975612507, 0.30044987666795475, -0.037813792357096615, -0.20494194629593462]}