{"source": "greedy f64 full-recompute on committed full_mixtral weights", "note": "MOE-FULL-7 decode reference; KV-cached decode must reproduce this", "vocab_size": 48, "prompt_ids": [22, 25, 29], "max_new_tokens": 4, "generated_ids": [17, 20, 10, 17], "step_logits": [-0.05216681337385304, -0.06836978529974284, 0.016970590940869695, -0.009205841546242132, 0.10669486567980431, 0.05788676343513832, -0.0827600663160762, -0.16997040379464498, -0.10792009449702013, 0.0149067981814799, 0.18651630972132868, -0.10713243596703825, -0.12161587250528912, 0.16255545827436546, -0.06391353835418871, -0.20423496012910564, 0.02701879369635675, 0.23636006518635405, 0.10734698302541663, 0.13288368165968953, 0.0022006942931072568, 0.12384097817196671, -0.04555328370090949, 0.16359874124141094, 0.05050463765612394, -0.04274174709653596, 0.14534441770540651, 0.01644408147406068, 0.02156485166815253, 0.17681455609715033, 0.08321312708160448, 0.016932459680406395, -0.18675704207165705, 0.02591572079112193, 0.11841227954298897, -0.019496038579063832, 0.06954912592909393, -0.20989236777795328, 0.07887727286146028, -0.022865762538450754, 0.012794707777298797, 0.058244948137155486, 0.05307738432977307, 0.021108988248153514, -0.043955241021333274, -0.11050252007588267, -0.03969625130072692, -0.0028112537643783103, 0.16533883975264715, -0.13367655540490492, 0.08795792679520117, -0.02498707365922792, 0.1708817511272427, -0.016839287936669917, -0.10764978959501986, -0.07593374210289586, -0.07407106837116259, -0.05401644191505556, 0.0321010877487055, -0.029077533635043062, -0.16487684354365809, -0.17838723668881057, 0.3082612277727836, -0.10019857048619944, 0.009986868796173234, 0.28643668907410613, 0.09058181491523762, 0.022810835730313186, 0.317604132048306, 0.09745514631758626, -0.00853343877543565, 0.1619768741819257, -0.0784538383654691, 0.0376611977216145, 0.14748105667757266, 0.18228568409117085, 0.004676676255551279, -0.055040991884675594, -0.10287784904511876, 0.10413859096702927, -0.01935712887823271, 0.04295208042225859, 0.04498684886291063, -0.050333192950789585, 0.1899130359994781, -0.12020979642409466, -0.0065504040645132655, -0.1317001551796962, -0.035497437600405225, 0.19692896731451795, 0.10095279367804949, 0.07587526443131652, 0.1939496253702397, -0.04638184118780875, 0.025137438423745842, -0.057569067034998575, -0.04147582284339746, 0.0005667928691150126, -0.014857233555558638, 0.0008916185000131319, 0.024052033900400047, -0.1672434378002484, -0.1813120809970658, -0.04459146415365577, -0.05492626535414219, -0.1326208177693208, 0.20611983963005623, -0.13737957921418828, -0.20664472900569708, -0.07854970083386903, 0.14795960736047578, -0.006509773176382037, -0.0957160158271126, 0.168975096509505, -0.047067400979868085, -0.007320167112389628, 0.13806880817305994, 0.04872539656709184, -0.0739752851084947, -0.010483597675905149, -0.07196046291661345, -0.09215266903725615, 0.16916432794830683, 0.16112633849859198, 0.06197387362479545, -0.14763105237137314, 0.041292042205283194, 0.14560739618810023, -0.10997058841754723, 0.13926289285932036, 0.14544316651173145, 0.01970474916314302, 0.1299681782161204, -0.0825735153559088, 0.07232521385965957, -0.027554017433439423, -0.14523636062386167, 0.036614329600742956, 0.0400701968274103, 0.04358534113139467, 0.07889709050491786, -0.0032847883381368626, 0.1069579715500617, -0.1196657358950778, -0.12132283230495551, -0.13720004871265642, 0.0455602958807131, -0.06759786488452597, 0.03821049185666889, 0.025571279684980037, 0.11299796318804001, -0.12032136554993933, 0.020695568778276448, 0.20299774932747655, -0.21996481412576332, 0.011047169967199637, -0.030931299164262044, -0.131755961830658, 0.15844292236052798, 0.07917822912574912, -0.0945123199044262, 0.2752215214404156, 0.06011221714064465, 0.09912724862804875, 0.20086579109644837, -0.04886120939711177, -0.08459073244398291, 0.03449696791505376, 0.06525837914615593, -0.00015462113983588134, 0.03611560263106471, 0.06211090976370838, 0.07862229645284734, -0.0444024096263014, 0.15940422180553895, 0.00921102328941966, 0.06368915317134789, -0.05053805130753741, -0.008612639187920258, 0.04638941586397615, 0.1102884616745291, 0.026803304084125713, 0.1108618503482496, -0.03363179278104289, 0.014670083882843528, 0.08092099253845714, 0.01937293252799395, 0.10898524062637271, 0.01565194702508815, -0.02253979430563249, -0.011096293021858106, -0.08945060101244563]}