{"source": "synthetic MixtralForCausalLM (tiny config; GQA n_kv=2 != n_heads=4)", "transformers_note": "real HF Mixtral forward, f64 reference", "vocab_size": 48, "hidden_size": 32, "num_hidden_layers": 2, "num_attention_heads": 4, "num_key_value_heads": 2, "head_dim": 8, "intermediate_size": 64, "num_local_experts": 4, "num_experts_per_tok": 2, "rope_theta": 10000.0, "rms_norm_eps": 1e-05, "tie_word_embeddings": false, "seq": 5, "input_ids": [28, 41, 34, 6, 45], "hf_logits": [-0.026268871660174886, -0.1459446846453683, -0.039237737968121744, 0.23234115734508795, -0.02398394540978578, -0.03216573255181755, 0.09268235889110336, -0.030397195868969933, 0.01154880891108575, -0.05759464215460422, 0.04627947420476619, -0.18005584110882217, -0.2515656597769516, -0.14975826521581767, -0.03855836212466712, -0.07399611606324855, 0.1798380664002837, 0.11239669957138326, 0.07153795679102987, -0.10870832483069416, -0.009192336780216845, -0.11080455893977069, 0.03147937569591078, -0.01814601410647626, 0.048320213370215595, -0.012110934113427951, -0.021266381255862915, -0.008587186619520432, -0.011140964968964634, 0.03391238509686098, -0.0936538031954119, -0.0501785542760384, 0.03943177765030933, 0.042563078877416095, 0.05400667439871071, -0.012017808530222343, -0.007846074190368008, 0.1926742920475697, -0.006865945321524541, -0.19380134040086916, 0.039316893463720554, 0.17000051269376676, -0.18953993662179952, 0.1905098738770052, -0.042011825526838964, 0.03448311666677038, 0.22112915308592762, -0.02903179385665093, 0.07839641267793125, -0.07350737078711099, -0.043995274000417764, -0.02324828486842681, 0.0822103379680772, -0.09179924560773747, 0.08530058148193345, 0.14236624983552248, 0.06530407373930158, -0.046917690784414545, 0.07555792639616925, -0.1443793004639214, -0.1982733941762274, 0.026763900563528564, -0.11170669679825794, -0.026897362070464316, -0.0025341651806563836, -0.06735322469028074, 0.03436194733221869, 0.0217801718647617, 0.024722705698060496, 0.09708813543826429, -0.0723459334306358, 0.03811981590711906, -0.05905394774457802, 0.08041181743843324, 0.11032449555276512, -0.008496107653828841, -0.0948038238331888, -0.04992713618662763, 0.12425452740322777, -0.09812994682505972, -0.07562146905563617, 0.03857528771370208, 0.21182811305508603, 0.06887016698590465, 0.011769783206704715, -0.042320526168581646, -0.0053780760645301545, -0.008115428058108554, 0.12002251563001226, 0.13806228794154268, -0.1447030343520458, -0.0323994418588837, -0.06380114345912996, -0.0022865758723184977, -0.018882374085088395, -0.16893390657516524, 0.09400553882396674, -0.016257408534235088, 0.03289662918376546, 0.20441968761278548, -0.16962004565975286, 0.017088224628086374, 0.05035838992831494, -0.03735508669353608, -0.002317439329820148, -0.03782807137676675, -0.08069434864553279, 0.15112798677671152, 0.028259816655222814, 0.11853622550467875, 0.026985030001438474, 0.07728507791367359, 0.14715729707948116, 0.14969184922722384, 0.02305982787105014, 0.01068219442990848, 0.09401276806199957, 0.016560383937953387, 0.04964775052956168, 0.05591515134792803, 0.05357327618940108, -0.034309282872242594, -0.15993005125244042, -0.034438676941031046, 0.10241115484208427, 0.02770048195774784, 0.012005552838295241, 0.01294098805938882, 0.031589553378512006, 0.05351465207197742, 0.03285799875144785, 0.050690813054121035, 0.07908040755007349, 0.14415628383616835, -0.09408591800988483, -0.04847767380492861, -0.07096685511347413, 0.12454008520429971, 0.2523216770101644, -0.08797939352501091, 0.016028701476615337, 0.10879639572448038, 0.11333448458989914, 0.13564394747799008, 0.09324674224827281, 0.08655416511786505, 0.044124808011594345, -0.17076997433784957, 0.11943891067940322, 0.03094944064678017, -0.28020180413451345, -0.06063223096380983, -0.1424052973979228, -0.06694056277579688, -0.003936167061107165, -0.04899744769722239, 0.12119564522309634, -0.12418310857740003, -0.011937652240575518, -0.10517694649069775, 0.12228367038539079, -0.008511922885283615, 0.01266790702489342, 0.13882596342564568, -0.1410412425248168, 0.08315641989598069, 0.21146829506232134, 0.018406927233564935, -0.03415679342676306, -0.17203827166732913, -0.032357586235588154, 0.27670617284732224, 0.027724222919251668, -0.012723435095370134, 0.15567728835167527, 0.032482757441123104, 0.1270760565755132, 0.03183018664296143, -0.042014512836020854, 0.03280896567191676, -0.07486341687152531, -0.009377473527798285, 0.015020401043729523, 0.10791058205067075, -0.09089808143440661, 0.03346341241945194, 0.1412165707561121, -0.04023177752103113, -0.02344883431747588, -0.05746061380658392, 0.08934209056343484, -0.14136156560540059, -0.05034823537815761, 0.021079535046159302, -0.16063249928472279, -0.08280826890143234, -0.05610352328732808, -0.22255162208752147, 0.15305044184241323, 0.1328636235137166, 0.016293905084520513, 0.15884512306716836, -0.11128631388190519, -0.08547034338626344, -0.009426626539521948, 0.0021658670595361695, 0.11675052121778666, -0.026018228063203128, -0.07727800217448846, 0.1359910743939321, 0.1402972188216778, -0.10399535134493693, 0.0068332170017159355, -0.0044999954023353245, 0.1306322296948917, 0.0692480937227866, 0.15741403246441327, 0.09770284644439614, 0.006514423337843106, -0.061130982963668035, 0.09881760793550075, -0.13114082975463204, 0.10801045077896389, 0.0444598227231609, -0.04819874192289865, -0.07582480967297325, 0.045892224082235894, 0.003239589208238719, -0.22580582356501255, -0.12174608271786949, 0.04980921031437592, 0.34207332902212134, -0.055226872894364176, -0.33132970449885357, 0.08898847949623956, -0.06546566488676835, 0.1529940674070571, -0.1953782478042807, -0.20703430033571263, -0.0419796355558778]}