{"seq": 5, "vocab_size": 32, "input_ids": [28, 28, 10, 13, 27], "hf_logits": [0.052125352858431825, 0.11138767309321103, 0.11359282460495843, 0.01813252183558172, -0.042710469491307024, -0.09049111253238148, -0.10305858843140922, 0.23203320475012956, -0.07985751586319839, 0.09397663277713131, -0.293879702112287, 0.005999974784720488, 0.005898395751517044, 0.011038692224246562, 0.07720340526544442, 0.042255775276132994, -0.02812930099420803, 0.10619480824639146, -0.07760143782838375, 0.13299437801945674, -0.05836410054332375, 0.3035597667327301, -0.06031121144566925, 0.10491055133523347, 0.08125206841422428, -0.04510227562461076, -0.08206025990225575, 0.30511377086519886, 0.10054528820260863, 0.2477033610720947, -0.12781654564558415, -0.12090998502857205, 0.052125352858431825, 0.11138767309321103, 0.11359282460495843, 0.01813252183558172, -0.042710469491307024, -0.09049111253238148, -0.10305858843140922, 0.23203320475012956, -0.07985751586319839, 0.09397663277713131, -0.293879702112287, 0.005999974784720488, 0.005898395751517044, 0.011038692224246562, 0.07720340526544442, 0.042255775276132994, -0.02812930099420803, 0.10619480824639146, -0.07760143782838375, 0.13299437801945674, -0.05836410054332375, 0.3035597667327301, -0.06031121144566925, 0.10491055133523347, 0.08125206841422428, -0.04510227562461076, -0.08206025990225575, 0.30511377086519886, 0.10054528820260863, 0.2477033610720947, -0.12781654564558415, -0.12090998502857205, 0.053809004626402285, 0.009526732214210396, -0.05693107771868218, -0.20633893973671308, 0.11194890297742066, 0.11306843777389788, -0.10240784116907331, 0.17673915685061575, -0.08232353239188003, 0.058021781422410545, -0.08942883514654712, -0.08107473365556768, -0.2155156055707502, -0.03495554901621534, 0.07752184810488706, -0.02424891050495906, 0.15633809560092143, 0.06846902102766517, -0.2069982355444895, -0.018162643332628986, -0.16498732245349151, 0.10646968690690053, -0.058733270154728325, 0.005885119322498994, -0.23146684154882485, -0.06791341290562866, 0.13473610624979007, 0.40546645726133146, 0.12533150091050607, 0.22797713106338888, 0.08986691460985691, -0.10817076377365392, 0.11489880832935206, -0.050207885259860724, 0.17496943557470976, -0.032429790645149836, -0.012342324791111095, 0.07466295966001472, -0.01518901400918905, 0.20020339290820321, 0.08070206211421094, 0.02244448847535968, 0.09220222219566923, -0.04235645285395413, 0.1214923096329723, 0.13905288818006062, -0.08705853263149785, -0.1046067604201906, 0.2854969197614039, -0.11701773517139608, -0.11443080576116912, -0.17727459641110216, -0.13727064547055834, 0.29163127803931543, -0.04438054719855773, -0.11654956798846364, -0.196957322673185, -0.18213380200295157, 0.07952179961779765, 0.1795921368983358, -0.006998404930108188, -0.06651252647609592, 0.011075041165401658, -0.09589036937775522, -0.14405312033835796, 0.05738766932429465, -0.1079822464240201, -0.12056057329548606, -0.050155141047455165, -0.013990307069300628, -0.124002588336508, 0.10243046598249284, -0.1455461922318442, -0.030175149264692377, -0.13597802238368695, -0.07621216295096252, 0.021305643321008788, -0.04595798092341591, 0.24021026453450922, -0.24090880489220587, 0.04254548851498921, 0.0842923330912116, -0.20409847075633192, -0.17248858881185192, -0.13158089830820294, 0.15175437481354112, -0.3880953851712571, -0.16999214801241208, -0.08750924737471197, -0.14859993670017707, -0.11587342964112349, 0.33124871096210085, 0.08343198569415286, -0.024996942732083752, 0.06314951804799471, -0.17769127180804253], "greedy_ids": [27, 27, 14, 28], "eos_token_id": 27}