{
  "model": "mixtral",
  "source_repo": "hf-internal-testing/tiny-random-MixtralForCausalLM",
  "tensor_prefix": "model.layers.0.mlp",
  "num_experts": 4,
  "experts_per_token": 2,
  "d_model": 64,
  "d_ff": 128,
  "packed": true,
  "has_shared": false,
  "norm_topk_prob": false,
  "input": [
    0.4664108157157898,
    -0.28655514121055603,
    0.381178617477417,
    0.23280906677246094,
    -0.14585267007350922,
    -0.2015610933303833,
    0.7005090117454529,
    0.02379627898335457,
    0.07424479722976685,
    0.7674833536148071,
    1.1096686124801636,
    0.4602629840373993,
    0.8651172518730164,
    0.9465482831001282,
    -1.0785387754440308,
    1.4507408142089844,
    0.2921741306781769,
    -0.8589180707931519,
    0.03629237785935402,
    0.08010442554950714,
    0.6707863807678223,
    -0.31492528319358826,
    0.6219639182090759,
    0.34853002429008484,
    -0.05132639780640602,
    -0.09479956328868866,
    0.10877334326505661,
    -0.5706254839897156,
    -0.13227862119674683,
    -0.3297470510005951,
    -0.3778034746646881,
    -0.2228987216949463,
    0.3952747881412506,
    0.3489246070384979,
    0.15908271074295044,
    0.10725715756416321,
    0.47679322957992554,
    -0.3527076542377472,
    -0.6780099868774414,
    -0.4170721173286438,
    0.5527321100234985,
    0.2684140205383301,
    -0.9286588430404663,
    -0.4037730395793915,
    0.6716161966323853,
    -0.027552569285035133,
    0.16139589250087738,
    -0.6805764436721802,
    0.3247920274734497,
    -0.5221297144889832,
    0.4737725257873535,
    -0.4301954209804535,
    0.07846984267234802,
    -0.10688670724630356,
    0.7151156067848206,
    0.09753848612308502,
    0.08088741451501846,
    0.49359843134880066,
    -0.26005783677101135,
    0.5409350991249084,
    0.8747938871383667,
    -0.3137376308441162,
    0.6777677536010742,
    0.14471812546253204
  ],
  "atenia_ref": [
    0.00011622730709623182,
    -0.000244783939142652,
    0.0002684421982541092,
    -0.00020644690393573518,
    0.00042476287921824294,
    0.00014156589568641188,
    0.0002843218475337927,
    0.0006373691360977888,
    -0.0002264951155609259,
    -0.00017948137294015467,
    -0.00011998945293164331,
    0.00045804671935677135,
    -0.0002487081893368751,
    -5.4863758040467575e-05,
    6.664627812878765e-05,
    -0.00010307928845998914,
    -0.0005880646147799493,
    0.0005883865026846283,
    0.00018651349103209942,
    -0.00011080616620733932,
    0.00020833526738840913,
    -0.0007011072059270298,
    0.0008991715722325184,
    -0.0007357323665586155,
    -0.0011342014988299314,
    -0.0004076424280802753,
    0.00025840123710568254,
    -0.0007344754009899223,
    0.0004709497703407183,
    -0.00011747537434725005,
    -0.0002574232821682117,
    3.7967112981522654e-05,
    0.0008804867429143071,
    -0.00021455408670136922,
    0.00031964274458618614,
    -0.0006337770083982263,
    -0.0007228011853728661,
    -0.0003853597174743372,
    -0.00045966858991388607,
    0.0001736670465471159,
    0.0007005808028465149,
    0.0005296091847335339,
    -0.00044878445247856853,
    -0.00040043191705635005,
    -0.0006327204408912185,
    0.0002727268009613014,
    2.8910282778639527e-05,
    0.00023267337001381822,
    0.0008056253625024471,
    0.00018138229431652748,
    -0.00021437481331330416,
    0.0004728835699870011,
    -0.0007286066739446621,
    -0.00024707218253301104,
    0.00018440299289228728,
    -0.0006101951417547282,
    0.00013501471241735138,
    0.00011554686169893609,
    -0.0001988645403188995,
    -4.533140177136473e-05,
    0.0004543779010005102,
    0.0008387089737283248,
    -0.00015339683430323775,
    -0.0008133820542838538
  ],
  "hf_ref": [
    0.0001162273102817029,
    -0.00024478394833636494,
    0.00026844220482026625,
    -0.00020644690820335545,
    0.00042476289128205616,
    0.00014156589841932718,
    0.0002843218542104494,
    0.0006373691540186662,
    -0.00022649512466630826,
    -0.00017948138157908246,
    -0.0001199894565712871,
    0.00045804673467171673,
    -0.0002487081964999911,
    -5.4863760918980704e-05,
    6.664628093853929e-05,
    -0.00010307928948627041,
    -0.0005880646318826451,
    0.0005883865200314597,
    0.0001865134972135864,
    -0.00011080616891718468,
    0.00020833527414049365,
    -0.0007011072256147342,
    0.000899171599596005,
    -0.0007357323892963634,
    -0.0011342015321025123,
    -0.0004076424379911632,
    0.0002584012450667967,
    -0.0007344754225313268,
    0.00047094978559207015,
    -0.0001174753761412924,
    -0.00025742328773254916,
    3.7967111489915794e-05,
    0.0008804867648718929,
    -0.00021455409334155765,
    0.00031964275499015115,
    -0.0006337770262564822,
    -0.00072280120572187,
    -0.00038535972904684963,
    -0.0004596686041877678,
    0.00017366705295238926,
    0.0007005808266681605,
    0.0005296091994131728,
    -0.0004487844663302394,
    -0.00040043193027964024,
    -0.000632720460473561,
    0.0002727268095631901,
    2.8910285216930903e-05,
    0.00023267337449274863,
    0.0008056253875938129,
    0.00018138230009538786,
    -0.00021437482049209032,
    0.00047288358322273357,
    -0.0007286066968931107,
    -0.0002470721912770622,
    0.00018440299788831556,
    -0.000610195159392232,
    0.00013501472011228613,
    0.00011554686409413539,
    -0.000198864546157133,
    -4.533140354509307e-05,
    0.00045437791325417227,
    0.0008387089976256985,
    -0.0001533968399866269,
    -0.0008133820772940292
  ],
  "metrics_atenia_ref_vs_hf": {
    "max_abs_diff": 3.3272580871046564e-11,
    "mean_abs_diff": 1.1377325503197946e-11,
    "rmse": 1.3739532322151771e-11,
    "argmax_match": true
  }
}