{"seq": 5, "vocab_size": 32, "input_ids": [15, 15, 3, 1, 14], "hf_logits": [-0.09616067016627823, 0.1820277916485494, -0.18218525774696032, 0.16072650615829862, -0.1331861543795568, -0.08834024263923179, 0.2700712184062378, -0.16396202797768816, -0.1842911044495695, -0.287109495973137, 0.15677290990014286, -0.21026205758736027, -0.0961494713850904, 0.032384045384093514, 0.1997787553195348, 0.1998177560376969, -0.018247838635918046, -0.2748121373550798, -0.20116158727052674, -0.08776962449283796, -0.06557408855674474, 0.19827028570814284, 0.09377530677541518, -0.21082273140828175, -0.0748301930127786, -0.11047375402813067, 0.3747849941917797, 0.23888147216870415, 0.08469242676828485, -0.11368515906370338, -0.11669884807837749, -0.2661836014878494, -0.09616067016627823, 0.1820277916485494, -0.18218525774696032, 0.16072650615829862, -0.1331861543795568, -0.08834024263923179, 0.2700712184062378, -0.16396202797768816, -0.1842911044495695, -0.287109495973137, 0.15677290990014286, -0.21026205758736027, -0.0961494713850904, 0.032384045384093514, 0.1997787553195348, 0.1998177560376969, -0.018247838635918046, -0.2748121373550798, -0.20116158727052674, -0.08776962449283796, -0.06557408855674474, 0.19827028570814284, 0.09377530677541518, -0.21082273140828175, -0.0748301930127786, -0.11047375402813067, 0.3747849941917797, 0.23888147216870415, 0.08469242676828485, -0.11368515906370338, -0.11669884807837749, -0.2661836014878494, -0.054745783223549144, 0.1194128376310194, 0.0775765682097018, 0.3292050113592541, 0.2082190346021786, -0.1553796604096007, 0.15252533929119683, 0.022524907754794266, -0.29484539192717024, -0.3775720858378437, 0.1643423984284932, -0.10965272859771572, 0.08757657909844987, 0.09036139175401221, 0.2964570144904227, 0.22382866531671136, 0.1411587044139723, -0.32003356989228765, -0.04105449259150798, 0.00641291384075765, 0.021062109315418402, 0.31373431015983716, -0.05714393680551604, -0.2836669885377603, -0.0001371454053452903, 0.012907258331979006, 0.15966231848255807, 0.29301828558137033, 0.08999000812948243, -0.13266762117430586, -0.08728514376709531, -0.20348133550436837, 0.017914409291178518, 0.029983646013671962, 0.0022060152134893984, 0.09303097356173559, 0.1477618789537434, -0.1528651774314481, 0.08099286056002286, -0.4586441787313466, -0.21572170358484394, -0.19583411229347836, 0.2925442145067269, -0.1307852337501521, -0.040005403662292466, -0.07854344548705763, 0.07369173244182234, 0.11640829371230704, 0.019194175678491538, -0.4019816232255591, 0.2697918796307383, 0.0865728666581771, 0.05451970163568337, 0.21262303553800851, 0.07052358177999492, -0.23213181774604516, -0.09290217442628093, -0.04826458510446068, 0.23217615145110002, 0.20279892200257815, -0.0055615272355541735, -0.18979858350499193, -0.13569847212719727, -0.3488524583084, 0.03652828044367559, 0.010293037751076643, 0.04793631941555365, 0.12181469837889064, 0.0401972321914147, -0.1912136853194116, 0.21278081739668064, -0.14878894546978216, -0.18888652783703352, -0.2624097687645131, 0.43826151524220314, -0.10990089805917388, 0.13606307306092177, 0.06327449867407099, 0.3560588634365428, -0.08904259856587138, 0.17722439293801875, -0.2558266828558682, -0.15367480225462568, 0.16986719495102046, 0.12408944690000615, 0.23161505994461629, 0.07975548973244112, -0.2359951149762894, 0.04646629728229387, -0.12355872792363247, 0.1472839712316057, 0.2871267177142867, 0.061661129531471015, -0.054470784699724925, 0.01441110565883405, -0.28035831190716776], "greedy_ids": [10, 10, 10, 10], "eos_token_id": 10}