{
  "model": "qwen2_moe",
  "source_repo": "hf-internal-testing/tiny-random-Qwen2MoeForCausalLM",
  "tensor_prefix": "model.layers.0.mlp",
  "num_experts": 4,
  "experts_per_token": 2,
  "d_model": 64,
  "d_ff": 64,
  "packed": true,
  "has_shared": true,
  "norm_topk_prob": false,
  "input": [
    -0.2065252661705017,
    0.33404356241226196,
    0.02185950241982937,
    -0.911363959312439,
    0.077230304479599,
    -0.0038211923092603683,
    -0.8187426328659058,
    0.2435457706451416,
    -0.07805398106575012,
    0.06826929748058319,
    0.17164519429206848,
    -0.3977433741092682,
    -0.7668391466140747,
    -0.6206868886947632,
    0.7202585339546204,
    0.15183639526367188,
    0.4620767831802368,
    0.3845146596431732,
    0.2781582474708557,
    0.3604130148887634,
    0.6634029746055603,
    0.25356119871139526,
    0.5183042883872986,
    0.6298815011978149,
    0.26366329193115234,
    0.46816307306289673,
    0.4352071285247803,
    -0.12854230403900146,
    -0.03565523773431778,
    0.49257755279541016,
    -0.7515203356742859,
    -0.31725406646728516,
    0.5815082788467407,
    0.3647328019142151,
    -0.3947187066078186,
    0.2925717234611511,
    0.34646427631378174,
    -0.6185997724533081,
    -0.13552026450634003,
    -0.1630755215883255,
    0.43726807832717896,
    -0.14306487143039703,
    0.9854359030723572,
    -0.2382487952709198,
    0.016570352017879486,
    -0.6621497869491577,
    -0.33581650257110596,
    -0.09417495131492615,
    0.31067782640457153,
    -0.2945651412010193,
    -0.3558084964752197,
    0.009925675578415394,
    0.3316316604614258,
    -0.11343070864677429,
    -0.28677135705947876,
    -0.1377285271883011,
    -0.3151796758174896,
    0.8476765155792236,
    -0.19516107439994812,
    -0.49872440099716187,
    -0.3101091682910919,
    0.15964436531066895,
    0.06762717664241791,
    -0.43624216318130493
  ],
  "atenia_ref": [
    0.000251123808006783,
    0.00036794418670279725,
    0.0005378018308316429,
    0.0003700492227528007,
    -0.0006575405016963887,
    6.659490110665902e-05,
    0.000479761335127301,
    0.00038445930352191233,
    0.0003012874684959454,
    -3.577501718917935e-05,
    0.0001812661408562249,
    -0.00018607866446173008,
    0.0005339616586181544,
    0.0003534867254156781,
    0.0007500576668960758,
    0.0001626308682602182,
    -0.0002918365791842996,
    -0.00010185926687155772,
    0.00018082528758585662,
    0.00047987929301656967,
    0.00039761065905359806,
    7.595053808620271e-05,
    7.132059089083206e-05,
    -0.0005248083843137055,
    0.00032125922684861493,
    9.506473167222759e-05,
    1.3155424269005092e-05,
    -7.296815317984008e-05,
    -5.024345517294453e-05,
    0.0001762020726092465,
    -3.661571006210521e-05,
    -0.00016070246729267342,
    7.839153203916828e-05,
    -0.00011115615486100109,
    -0.00016072026757565965,
    0.0003997142791392816,
    -0.00036970461760769507,
    0.00031798619102478337,
    -0.00012429550599049447,
    -8.67573477088919e-05,
    0.00020673579107096992,
    0.0007032708461508874,
    -0.0007600501712315354,
    -7.20733634502177e-05,
    -0.00036770678182724865,
    -0.00033463082329390564,
    -9.352539917449241e-05,
    0.0005195416321301103,
    -0.0004342428452110649,
    0.0003432486136684547,
    0.000532615568527395,
    0.0004231644603856446,
    0.0003467603256644183,
    0.0005052338085622868,
    4.096463547311445e-05,
    0.00016044513524726488,
    0.000312363279312391,
    0.0004771803236138979,
    -0.00035118366573061324,
    -0.00015596617206804864,
    -0.0003633799626135659,
    -0.00031953370173133124,
    0.00015557676645954854,
    0.0001974227083004395
  ],
  "hf_ref": [
    0.00013238936050530533,
    0.00019169086741266224,
    0.00028137148505492937,
    0.0001934195880269294,
    -0.00034146892696982234,
    3.3715610222477446e-05,
    0.0002505434231802279,
    0.00019835650837739407,
    0.00015572613274735517,
    -1.75411052918643e-05,
    9.538251942735215e-05,
    -9.543064074770438e-05,
    0.0002792624278788642,
    0.00018454441525410308,
    0.0003904040030252262,
    8.468453067872697e-05,
    -0.0001490696904419471,
    -5.171668556754122e-05,
    9.49006359459762e-05,
    0.00025102403999879017,
    0.00020684428022406273,
    4.106500039851751e-05,
    3.673218612710937e-05,
    -0.0002751820465204897,
    0.00016872370468230783,
    5.0629708595768046e-05,
    5.82710294127925e-06,
    -3.719729577170371e-05,
    -2.4987834792020933e-05,
    8.983224148451866e-05,
    -1.898465444279717e-05,
    -8.352288925367673e-05,
    4.2814649954607564e-05,
    -5.763310976396698e-05,
    -8.376148102654603e-05,
    0.0002097636927885326,
    -0.00019247971605644101,
    0.00016468287171015914,
    -6.485822353924475e-05,
    -4.510400110904124e-05,
    0.00010787197442281044,
    0.0003688586336916132,
    -0.00039536282731271786,
    -3.605957294840835e-05,
    -0.00019253294448689284,
    -0.00017487733641488942,
    -4.843730609922747e-05,
    0.000269602264476761,
    -0.00022763349144782193,
    0.00017900370930745818,
    0.00027842543158554953,
    0.00022130432938822372,
    0.00017967279111231652,
    0.0002630691086765769,
    2.423394058157047e-05,
    8.292354651084577e-05,
    0.00016278925646085574,
    0.00025006046204976144,
    -0.00018331724752540358,
    -8.140033955809838e-05,
    -0.0001887843213443947,
    -0.00016654513666870797,
    8.41430005558607e-05,
    0.00010309783449704519
  ],
  "metrics_atenia_ref_vs_hf": {
    "max_abs_diff": 0.00036468734391881756,
    "mean_abs_diff": 0.00013831855815363736,
    "rmse": 0.00016523290816869155,
    "argmax_match": true
  }
}