{"source": "synthetic Qwen2MoeForCausalLM (GQA, qkv bias, packed experts, shared expert)", "seq": 5, "vocab_size": 48, "input_ids": [38, 14, 39, 13, 3], "hf_logits": [-0.004265752136170031, 0.10178202957239255, 0.0693913781848062, -0.03781354153090378, -0.013602127221459238, 0.15737859092378453, -0.08173194533490777, -0.017752264848310634, -0.07282058246417537, 0.07440730346735147, 0.2058492105846032, 0.12401216071832838, 0.017316590404533386, -0.18733841045805388, -0.1252938336459175, 0.15421403164732167, 0.2041151100702519, 0.020906147856791985, -0.013882439095491375, 0.011871047065684651, -0.02970742527800652, 0.007823726856589627, 0.0019626284779162353, -0.05960304639483564, 0.08919695264484725, -0.016138110701740496, -0.06687809132117561, 0.0409483233826083, -0.03527521988044899, 0.10591337221315344, -0.1257714299133607, 0.2006176706873804, 0.15529298668562078, 0.12224992855388223, 0.03099655488011155, 0.09228020762086683, -0.06108599335851557, -0.009153288922193656, -0.04034440369459838, -0.05749073538414852, -0.16958410225075946, 0.18405642492214275, 0.09404045621037899, -0.0913073501018598, 0.028133802238214295, 0.0022668389022156843, 0.027440273256522388, -0.04041959015702634, 0.06073085407535139, -0.12447226118221986, 0.029926710413605728, 0.15966231524816552, -0.10423568680136625, 0.04052363679145945, 0.014649021569821043, 0.09155584607642542, -0.031535991142993616, 0.06584296309801475, 0.0032099075820207074, -0.2346349250225419, -0.053946383628210345, -0.1960012060529322, -0.3029570438326476, -0.019585098581944904, -0.019159082816274986, -0.14563735138431622, -0.12475714456116777, -0.23471329127910578, -0.18989499924436076, 0.00396288339312282, -0.029017084214695572, -0.08100071734284844, 0.0019611705488506784, -0.1772371918285426, 0.16253874917593197, 0.12196914605043473, 0.05971253689395055, 0.03425650022475456, 0.17511197988398647, 0.061617783083609934, -0.03008388302535492, 0.07864295658193357, -0.08485510360925608, -0.0755865291073125, 0.022690281774077906, -0.1392796103506808, -0.1489355188707247, -0.0166653158343065, -0.0883834253872396, 0.17528175319872524, 0.017471160269871125, -0.16256739203431778, -0.0029745523308499916, 0.0020837388642667015, 0.004553413606510147, -0.06440425271196279, 0.032535208321037554, 0.011275695915179346, 0.04812506156636111, 0.10561761605566941, 0.10199334840734436, 0.12310298406173995, -0.08907535684611156, -0.24399777775103457, 0.14004259436817645, 0.060157618838132074, -0.011547243572966055, -0.033168883194060764, 0.07982649955909174, -0.030448589795782556, -0.1655145254285595, 0.19028332245852878, 0.07314276768787639, 0.09595852702566902, -0.11088230874547574, -0.04938817553115485, 0.0532405283001484, -0.06939789596019463, 0.03747329148903571, -0.05984681211646234, 0.04454418957506266, -0.024261991965630243, -0.10013572501282222, -0.020330984840925624, -0.11035785495972844, 0.17353302341209015, 0.022611725803215292, 0.12137844694993284, 0.02013299924331504, -0.141417614210418, 0.14235444682389692, -0.010723209881054055, -0.11305341921389261, 0.046390852459997, -0.06193276437368248, -0.040148208209500665, 0.14118612286826393, -0.028869909643269655, 0.10567738546887996, 0.007415345268395675, -0.0990515147181967, 0.02823552471602505, -0.08659306163059158, -0.07181408756208471, -0.022697105848864904, -0.01048252322865556, -0.03473475105170341, 0.12277391327253527, -0.04160326869339731, 0.1583976050155342, 0.04153401269894445, -0.15583568669743786, 0.1365145031708795, 0.18895917647948668, 0.17446704212273537, -0.006668568900555824, 0.05181365300839966, -0.13534040944693473, -0.2249123344510856, 0.1859545461096586, 0.11210144451637974, 0.1736451716590147, -0.0393544770755783, -0.10735359493493385, -0.04333640108564349, 0.028508738231549736, 0.01848718440943351, -0.042546685800934445, 0.03325552701927717, -0.03192563574449135, -0.08757169780978613, 0.16921467483105415, 0.04270183567931021, 0.039138205021970955, 0.2693283279464225, 0.12387438682589758, 0.014702167351995275, -0.03158898816898546, -0.008068223706402748, -0.038754396501222435, 0.1637351981764023, 0.08758108719768105, -0.05656016726080086, -0.005125992601330037, 0.1193747407963248, 0.12980336696012595, 0.10047150391634684, -0.10111308055917505, 0.12513682719295838, -0.014184636488119816, 0.07246670575768577, -0.06532889197542716, 0.15288279453649162, 0.09022720669650358, -0.07706757679801697, 0.08573125380420474, 0.1889764850321506, 0.015273197305047288, 0.004846997791694799, 0.010167668784012027, -0.032754728900124624, 0.33303232756889156, -0.059706470468566086, -0.07878360279493284, -0.05311909831755812, 0.044959639982826066, 0.116129409433914, 0.18971607993167727, -0.04067964678504989, 0.12250922782565665, -0.09280630842034038, -0.0453050778813667, 0.05840986577146966, -0.06621197125018911, 0.0011618445577449496, -0.1147894369838011, 0.040528584166518146, 0.008985061064993177, -0.05036773057857784, 0.053420960361692374, 0.11187630000216225, 0.08002667746734177, 0.10353581664271978, 0.16577417990793722, 0.0742138722833399, -0.036668292839576316, -0.03650785701704869, -0.15316719763217723, -0.10378584959716874, -0.14841208156254648, -0.111362047736368, 0.0022464201761221853, -0.1802755627828244, 0.23469369550189137, -0.06570851924693505, 0.040262275291146364, -0.005713128220126519, 0.08469059410077268, 0.02999492610019356, 0.026058734643961204], "greedy_ids": [9, 31, 12, 12], "eos_token_id": 31}