{
  "model": "qwen15_moe",
  "source_repo": "katuni4ka/tiny-random-qwen1.5-moe",
  "tensor_prefix": "model.layers.0.mlp",
  "num_experts": 8,
  "experts_per_token": 4,
  "d_model": 32,
  "d_ff": 44,
  "packed": true,
  "has_shared": true,
  "has_shared_gate": true,
  "norm_topk_prob": false,
  "input": [
    -0.39180871844291687,
    0.2201819270849228,
    -0.04838155210018158,
    -0.8852165937423706,
    0.04724032059311867,
    -0.3581838011741638,
    0.29920127987861633,
    -0.6211504340171814,
    -0.17023105919361115,
    -0.8931249380111694,
    0.5027955770492554,
    -0.12117935717105865,
    0.16824136674404144,
    0.8818410038948059,
    -0.4135358929634094,
    0.14312827587127686,
    -0.5451183319091797,
    -0.06267275661230087,
    -0.12838216125965118,
    -0.7298911809921265,
    -0.058154042810201645,
    0.15147866308689117,
    -0.07546467334032059,
    -0.6484225988388062,
    0.361596018075943,
    -0.299139142036438,
    -0.16699354350566864,
    -0.19925282895565033,
    0.5415335893630981,
    0.9094336628913879,
    -1.2174432277679443,
    0.9712132215499878
  ],
  "atenia_ref": [
    0.0001230720084212146,
    -0.0004884691742951339,
    -9.589667877135979e-05,
    0.00013404437900666513,
    0.0001775400912891969,
    0.00036332296451192954,
    0.00030865473811522227,
    0.00012988803563133934,
    -9.218999135821795e-05,
    0.00018361858421454269,
    -9.881455875917564e-05,
    8.802235559527774e-05,
    0.0003066664409255847,
    -0.00021120345401874285,
    -7.380671382303999e-05,
    -0.0004359154808003421,
    -1.1719458088016495e-05,
    -0.0003478493782679949,
    -6.289793529670176e-08,
    0.00042101644551458396,
    -0.0002394572964897241,
    0.00017429356836368704,
    0.00023774243518383443,
    -0.0002887947996459519,
    9.856853286353117e-05,
    -1.0784252539691426e-06,
    -0.00019235183722776281,
    5.994164881675953e-05,
    -0.00011604272207870547,
    0.0003079037712480122,
    -0.00012285883685808543,
    -2.2964117916754078e-05
  ],
  "atenia_hf_ref": [
    6.43218938465355e-05,
    -0.00025157287190432666,
    -4.8897036852544084e-05,
    6.800007160037939e-05,
    9.058479184960273e-05,
    0.0001852389640149809,
    0.00015749750957751467,
    6.459238121540438e-05,
    -4.9317569716096404e-05,
    9.382786310853416e-05,
    -4.988450844746447e-05,
    4.517585454709454e-05,
    0.0001578061318420647,
    -0.00010599527109331986,
    -3.6785663666517664e-05,
    -0.00022219163882299163,
    -4.668167761023189e-06,
    -0.00017844248066806108,
    1.5472072200244417e-06,
    0.00021554470542724878,
    -0.00012083134097109127,
    8.889936690320213e-05,
    0.00012366270600239174,
    -0.00015113892013824646,
    5.143959823770839e-05,
    3.760785765408311e-06,
    -9.887914620576707e-05,
    2.857528924800496e-05,
    -6.114249518167205e-05,
    0.0001578626221610934,
    -6.227727603098952e-05,
    -1.0886868409866963e-05
  ],
  "hf_ref": [
    6.432189663153589e-05,
    -0.00025157287646450734,
    -4.889703428982748e-05,
    6.800007275285784e-05,
    9.058479322408688e-05,
    0.00018523896663687412,
    0.00015749750883472038,
    6.459238056139752e-05,
    -4.931757163664237e-05,
    9.382786234896353e-05,
    -4.9884506784876155e-05,
    4.517585517343208e-05,
    0.00015780613374087333,
    -0.00010599526857152823,
    -3.678566261620538e-05,
    -0.00022219163967242896,
    -4.668166471040989e-06,
    -0.00017844248454828904,
    1.5472090297582891e-06,
    0.0002155447076301462,
    -0.00012083134039281895,
    8.889936638222259e-05,
    0.00012366271116860325,
    -0.00015113892485006818,
    5.1439598612197626e-05,
    3.760791437074654e-06,
    -9.887914886783664e-05,
    2.857528836534803e-05,
    -6.114249774137682e-05,
    0.00015786262270421492,
    -6.227727563516903e-05,
    -1.088686607607358e-05
  ],
  "metrics_atenia_ref_vs_hf": {
    "max_abs_diff": 0.0002368962978306266,
    "mean_abs_diff": 9.103558726157263e-05,
    "rmse": 0.000110756145861118,
    "argmax_match": true
  },
  "metrics_atenia_hf_ref_vs_hf": {
    "max_abs_diff": 5.671666342957002e-12,
    "mean_abs_diff": 1.978949865687069e-12,
    "rmse": 2.451853643717986e-12,
    "argmax_match": true
  }
}