{
  "model": "qwen3_moe",
  "source_repo": "hf-internal-testing/tiny-random-Qwen3MoeForCausalLM",
  "tensor_prefix": "model.layers.0.mlp",
  "num_experts": 4,
  "experts_per_token": 2,
  "d_model": 64,
  "d_ff": 64,
  "packed": true,
  "has_shared": false,
  "has_shared_gate": false,
  "norm_topk_prob": true,
  "input": [
    0.3816469609737396,
    -0.312636137008667,
    0.7103062868118286,
    -0.46129652857780457,
    0.09555711597204208,
    -0.11692431569099426,
    1.0459585189819336,
    0.05973111838102341,
    -0.9346390962600708,
    -0.44470852613449097,
    -0.4513210952281952,
    0.211326003074646,
    0.27269434928894043,
    0.014810504391789436,
    -0.19193483889102936,
    -0.1401001513004303,
    -0.47422105073928833,
    0.1830979883670807,
    0.7327553629875183,
    -0.28048452734947205,
    0.0571758896112442,
    -0.8996930718421936,
    0.8468965888023376,
    -0.05871282145380974,
    -0.15904416143894196,
    0.5033836364746094,
    0.3860154151916504,
    -0.7367855310440063,
    -0.2786509394645691,
    0.5975605249404907,
    0.15613779425621033,
    -0.06821665167808533,
    0.31096434593200684,
    -1.1727255582809448,
    -0.4059745669364929,
    -0.5283193588256836,
    -0.1155889555811882,
    -0.16373054683208466,
    0.5278966426849365,
    0.028166381642222404,
    -0.24359561502933502,
    -0.007150284480303526,
    -0.22799980640411377,
    -0.4041709005832672,
    -0.2491357922554016,
    0.8468246459960938,
    0.3558557331562042,
    -0.6456678509712219,
    0.9940349459648132,
    0.13753996789455414,
    -0.3837379515171051,
    0.26080721616744995,
    -0.3909197151660919,
    0.2829144299030304,
    0.016048504039645195,
    -0.6297062635421753,
    -0.3813624382019043,
    -0.8562971949577332,
    -0.5820471048355103,
    0.44897741079330444,
    -0.4641069173812866,
    -0.35667523741722107,
    -0.31355565786361694,
    0.4245166778564453
  ],
  "atenia_ref": [
    -0.0005026505695011291,
    1.2991050334292003e-05,
    -0.00044073675080831033,
    0.00048244711270778776,
    4.866791071481125e-06,
    4.767366423485847e-05,
    0.0002013904690275988,
    -6.719396348176132e-05,
    -0.000778694456583287,
    -0.000293899136880084,
    0.0008701348325102888,
    -0.0001073604082790512,
    -0.00010281012249115288,
    -0.0005237099464760533,
    0.00038204461703570655,
    -0.00016661762980650296,
    -0.0003298072078858148,
    0.0001728408378309758,
    -0.0005068138975549658,
    0.00015363017093587356,
    7.461602358236328e-05,
    0.0002850122969445672,
    -0.0005340839913442779,
    6.703322314595387e-05,
    -0.00035765956634145835,
    0.00033298165088564404,
    6.484801317299946e-05,
    0.0005630997200186346,
    -7.589144744308426e-05,
    -0.0005515948363431255,
    -0.0007276800661654094,
    -0.00019840841028060372,
    -0.0003107119086376433,
    -0.00022234106829931564,
    -0.0006805692873445874,
    0.0005818946129542357,
    6.995230967343899e-05,
    -2.174447715740102e-06,
    2.5847547894429138e-05,
    -0.00024267380084942676,
    -0.00011502993909031837,
    -0.00018031791491631994,
    0.0001051263267487317,
    7.36361793557161e-05,
    -0.00010095321563057246,
    -0.00020876452875091163,
    -0.00021941927961362562,
    -0.0001573287158552718,
    -0.00044834655505645297,
    -0.0004036469531600229,
    0.00047707188813089633,
    0.0003864573260577216,
    -0.00027697352769965526,
    -0.00013100450407911655,
    0.00039645523850182906,
    2.4256557706148644e-05,
    -1.9380361842257797e-05,
    0.00031787217429772856,
    0.0007452009059558742,
    0.00011362579412640012,
    -1.7117163850427664e-05,
    -0.00024716901478568536,
    -0.0004315910665517125,
    0.00024049934340203088
  ],
  "atenia_hf_ref": [
    -0.0005026505695011291,
    1.2991050334292003e-05,
    -0.00044073675080831033,
    0.00048244711270778776,
    4.866791071481125e-06,
    4.767366423485847e-05,
    0.0002013904690275988,
    -6.719396348176132e-05,
    -0.000778694456583287,
    -0.000293899136880084,
    0.0008701348325102888,
    -0.0001073604082790512,
    -0.00010281012249115288,
    -0.0005237099464760533,
    0.00038204461703570655,
    -0.00016661762980650296,
    -0.0003298072078858148,
    0.0001728408378309758,
    -0.0005068138975549658,
    0.00015363017093587356,
    7.461602358236328e-05,
    0.0002850122969445672,
    -0.0005340839913442779,
    6.703322314595387e-05,
    -0.00035765956634145835,
    0.00033298165088564404,
    6.484801317299946e-05,
    0.0005630997200186346,
    -7.589144744308426e-05,
    -0.0005515948363431255,
    -0.0007276800661654094,
    -0.00019840841028060372,
    -0.0003107119086376433,
    -0.00022234106829931564,
    -0.0006805692873445874,
    0.0005818946129542357,
    6.995230967343899e-05,
    -2.174447715740102e-06,
    2.5847547894429138e-05,
    -0.00024267380084942676,
    -0.00011502993909031837,
    -0.00018031791491631994,
    0.0001051263267487317,
    7.36361793557161e-05,
    -0.00010095321563057246,
    -0.00020876452875091163,
    -0.00021941927961362562,
    -0.0001573287158552718,
    -0.00044834655505645297,
    -0.0004036469531600229,
    0.00047707188813089633,
    0.0003864573260577216,
    -0.00027697352769965526,
    -0.00013100450407911655,
    0.00039645523850182906,
    2.4256557706148644e-05,
    -1.9380361842257797e-05,
    0.00031787217429772856,
    0.0007452009059558742,
    0.00011362579412640012,
    -1.7117163850427664e-05,
    -0.00024716901478568536,
    -0.0004315910665517125,
    0.00024049934340203088
  ],
  "hf_ref": [
    -0.000502650585280205,
    1.2991054952675993e-05,
    -0.00044073677571708025,
    0.0004824471348512033,
    4.866785640031483e-06,
    4.7673660868719506e-05,
    0.00020139048634748474,
    -6.719396006653797e-05,
    -0.0007786944866361226,
    -0.0002938991421830877,
    0.0008701348512389752,
    -0.00010736041416756495,
    -0.00010281012999145852,
    -0.0005237099720472752,
    0.00038204462214801307,
    -0.0001666176369933351,
    -0.000329807222101657,
    0.00017284083771959866,
    -0.0005068139227688176,
    0.0001536301733164586,
    7.461602793799917e-05,
    0.0002850123143536055,
    -0.0005340840152726709,
    6.703322162956817e-05,
    -0.00035765957161044027,
    0.00033298166344596276,
    6.484801109197514e-05,
    0.0005630997408026204,
    -7.589145420057264e-05,
    -0.0005515948502512733,
    -0.0007276800984567477,
    -0.00019840841720413478,
    -0.00031071191070864123,
    -0.00022234108730568704,
    -0.0006805693149111344,
    0.000581894633007878,
    6.99523186262935e-05,
    -2.1744535693889937e-06,
    2.5847553189113967e-05,
    -0.00024267381203542837,
    -0.00011502994708110096,
    -0.000180317920426255,
    0.00010512633612729651,
    7.363618512793408e-05,
    -0.00010095323515628841,
    -0.00020876453731305268,
    -0.00021941928916756017,
    -0.00015732871948688214,
    -0.0004483465632214216,
    -0.0004036469702507272,
    0.00047707189896047423,
    0.00038645733359912433,
    -0.00027697353710179004,
    -0.00013100451048231744,
    0.00039645525988027787,
    2.425655993371606e-05,
    -1.9380363465788626e-05,
    0.0003178721892863241,
    0.0007452009356806163,
    0.0001136258114139071,
    -1.71171665000083e-05,
    -0.000247169032570393,
    -0.00043159107525542217,
    0.00024049934949174677
  ],
  "metrics_atenia_ref_vs_hf": {
    "max_abs_diff": 3.229133833156789e-11,
    "mean_abs_diff": 1.1622370623202441e-11,
    "rmse": 1.4290572212687363e-11,
    "argmax_match": true
  },
  "metrics_atenia_hf_ref_vs_hf": {
    "max_abs_diff": 3.229133833156789e-11,
    "mean_abs_diff": 1.1622370623202441e-11,
    "rmse": 1.4290572212687363e-11,
    "argmax_match": true
  }
}